CODIGO_CARRERA,AVERAGE_CIEN,AVERAGE_M1,AVERAGE_M2,AVERAGE_HCS
11001,43,50,20,42
11003,0,34,0,41
11004,35,38,10,40
11005,36,41,15,37
11011,32,37,13,42
11016,35,33,10,41
11017,37,39,11,41
11020,35,37,13,32
11021,34,35,12,31
11022,46,47,17,38
11024,37,40,15,31
11026,42,52,22,41
11027,45,53,24,42
11028,44,49,20,37
11029,51,48,19,33
11030,57,53,24,44
11031,36,38,15,26
11032,46,44,17,37
11033,53,53,27,34
11034,40,48,23,31
11035,50,47,19,45
11036,33,34,12,25
11037,58,53,24,39
11038,44,43,16,30
11039,59,55,28,42
11040,31,38,14,45
11042,50,56,30,46
11045,60,58,36,42
11055,42,47,19,52
11060,45,42,19,48
11061,30,33,12,39
11062,34,39,15,43
11063,42,36,17,48
11065,35,35,11,39
11068,35,40,17,47
11069,46,47,20,46
11070,35,41,13,46
11072,34,37,14,41
11078,50,50,22,41
11080,53,50,21,38
11081,34,35,12,27
11082,49,47,20,37
11083,70,59,40,44
11084,42,41,15,31
11085,54,50,22,33
11086,56,52,23,40
11087,40,38,13,28
11090,41,43,19,45
11095,58,51,23,36
11097,0,32,0,33
11508,36,36,12,38
11520,33,35,12,40
11521,41,39,15,33
11522,29,30,10,32
11523,32,38,12,36
11524,48,51,23,39
11525,42,48,19,52
11526,27,44,18,49
11527,32,35,12,27
12004,53,55,27,46
12005,35,44,20,43
12006,45,49,20,44
12007,46,42,26,46
12008,43,41,19,45
12009,34,42,12,42
12010,62,55,31,45
12011,55,50,22,42
12012,49,48,16,38
12013,42,44,18,35
12014,55,58,37,49
12015,64,39,45,37
12017,57,53,28,49
12018,31,33,13,38
12019,37,41,20,46
12021,48,53,26,54
12022,39,43,18,45
12024,33,38,15,35
12025,32,37,13,34
12026,37,48,19,44
12027,58,56,31,40
12028,39,47,21,47
12029,49,41,23,37
12030,36,41,14,41
12031,62,58,37,42
12032,58,57,32,45
12033,54,52,21,38
12034,36,41,14,45
12035,34,41,19,49
12037,39,51,21,52
12038,36,45,16,31
12039,66,59,41,45
12041,44,43,16,31
12042,42,39,17,36
12043,45,53,26,36
12044,45,52,22,35
12046,39,49,21,47
12049,43,53,24,36
12050,35,41,13,33
12051,51,56,32,45
12052,46,46,18,37
12054,54,52,22,39
12055,61,55,29,43
12056,58,53,25,42
12057,56,52,23,38
12058,73,59,41,49
12059,41,45,0,45
12060,47,46,19,35
12061,53,51,23,34
12062,38,38,13,34
12070,35,44,17,42
12071,36,43,17,43
12088,35,39,15,38
12089,47,53,26,38
12096,29,31,12,27
12097,25,24,8,23
12100,54,56,30,42
12101,48,49,21,38
13001,44,43,18,41
13002,34,43,18,33
13003,44,54,27,36
13004,38,39,14,31
13006,29,32,11,27
13007,38,39,14,28
13008,30,34,12,28
13009,30,36,12,27
13011,45,47,18,36
13012,45,45,17,35
13013,41,41,14,33
13014,44,42,16,36
13015,51,52,23,40
13016,31,33,10,22
13018,29,32,13,35
13019,34,43,15,34
13020,36,35,13,21
13022,30,37,13,33
13023,31,37,12,46
13024,38,47,17,47
13025,28,32,12,34
13026,32,33,13,37
13027,26,29,15,26
13028,27,32,10,28
13029,34,39,14,44
13030,32,41,15,34
13031,30,36,16,40
13032,27,31,12,28
13035,35,32,14,26
13036,37,39,13,25
13037,35,36,12,29
13039,36,38,17,37
13040,33,35,13,44
13041,32,36,10,37
13042,22,26,8,29
13043,35,37,13,28
13044,31,34,12,25
13046,49,52,24,40
13048,52,50,23,31
13049,57,53,24,38
13050,35,37,12,28
13052,30,29,11,35
13054,27,33,13,37
13055,52,54,28,42
13056,38,42,18,38
13057,34,36,14,32
13058,34,41,14,39
13059,41,34,23,46
13060,34,37,21,38
13061,36,38,15,30
13062,48,51,23,38
13063,37,37,14,27
13064,36,38,15,28
13065,33,43,15,24
13066,59,57,37,48
13067,47,51,19,44
13068,40,47,18,31
13069,42,50,22,30
13070,45,51,23,31
13071,44,50,22,43
13072,51,55,29,38
13073,52,54,30,40
13074,46,51,24,35
13075,40,45,18,28
13076,52,55,27,40
13077,26,31,12,37
13078,29,36,12,27
13079,33,33,12,29
13080,33,44,16,37
13081,53,52,19,34
13082,32,34,12,23
13083,41,44,16,31
13085,32,36,14,26
13086,68,59,35,45
13087,46,47,17,28
13088,47,48,17,31
13089,27,27,10,26
13091,52,51,20,37
13092,28,30,11,29
13093,30,38,11,27
13094,26,37,12,29
13101,29,34,12,26
13102,43,50,21,36
13103,37,39,13,30
13104,34,37,12,28
13105,34,34,13,26
13106,28,31,11,28
13107,38,34,0,35
13108,41,49,20,31
13111,34,43,18,26
14001,31,34,11,29
14002,35,41,15,36
14003,31,36,12,33
14004,27,29,11,32
14005,34,41,14,35
14006,28,39,12,31
14007,28,32,12,34
14008,26,29,11,31
14009,27,28,11,29
14012,40,38,14,33
14013,33,35,13,26
14015,32,35,12,28
14016,28,32,12,28
14018,32,31,14,36
14030,36,42,15,45
14032,30,32,11,29
14033,28,32,11,29
14034,24,28,9,27
14037,29,33,12,33
14038,30,35,12,34
14040,37,42,14,42
14060,38,39,15,31
14061,35,41,15,28
14062,35,40,14,31
14063,40,49,20,36
14064,38,48,18,35
14065,33,40,14,28
14066,30,37,12,28
14067,39,42,16,29
14069,27,31,12,26
14070,28,33,11,23
14071,26,34,12,26
14072,30,34,12,28
14080,33,33,11,25
14081,32,41,15,29
14082,40,41,14,34
14083,32,41,14,27
14085,38,33,12,34
14086,40,37,17,29
14087,33,43,17,29
14088,39,42,23,34
14089,49,50,23,36
14090,38,39,14,33
14091,27,32,12,35
14093,24,35,0,45
14094,36,35,11,38
14095,28,32,14,39
14097,36,39,17,37
14098,34,33,12,37
14099,30,38,14,26
14100,33,40,15,33
14101,33,39,16,28
14103,31,30,13,39
14104,35,40,14,32
14105,27,33,11,30
14106,32,39,14,32
15100,40,49,21,32
15101,49,57,34,37
15102,49,50,25,36
15103,47,50,23,39
15110,31,38,14,25
15111,38,49,20,34
15130,47,51,25,35
15131,45,51,23,36
15140,42,48,22,33
15141,38,44,17,33
15150,47,49,21,34
15151,40,47,19,32
15160,45,52,24,39
15161,33,43,16,36
15170,47,55,27,40
15171,34,43,16,33
15180,36,45,16,33
15181,34,42,14,32
15184,48,51,26,40
15220,38,46,16,36
15270,51,56,29,40
15271,38,47,17,36
15300,49,54,27,37
15301,47,54,27,41
15302,49,50,20,41
15303,47,49,20,31
15311,49,54,27,39
15312,43,50,21,33
15330,50,53,27,40
15340,51,53,27,39
15350,52,51,25,34
15360,50,55,27,39
15361,41,48,20,37
15380,38,46,18,35
15381,37,44,16,30
15384,53,55,29,44
15440,27,33,12,26
15441,35,35,13,29
15462,34,42,16,29
15474,24,30,13,25
15485,43,46,18,33
15540,27,30,10,25
15562,33,38,14,27
15574,25,24,10,18
15585,36,38,13,34
16001,40,46,19,32
16003,46,51,24,35
16004,48,51,24,38
16005,43,46,20,30
16006,41,45,16,32
16007,42,48,19,32
16008,39,47,20,29
16009,44,44,18,33
16011,36,38,14,24
16013,37,44,16,29
16014,45,50,21,40
16015,35,38,13,32
16016,27,35,12,23
16017,32,37,13,24
16019,38,41,15,31
16021,28,35,11,34
16030,42,40,15,36
16034,31,33,12,40
16035,34,42,15,34
16036,31,39,13,30
16038,30,38,13,31
16039,49,48,18,37
16040,31,30,11,32
16041,48,45,19,36
16042,47,49,21,41
16043,38,35,13,44
16044,41,39,14,34
16045,33,44,15,27
16046,35,41,16,26
16047,40,48,22,38
16048,37,44,18,30
16049,38,48,20,36
16050,32,32,11,40
16051,26,35,11,45
16052,28,36,11,38
16053,22,35,10,40
16054,36,42,16,43
16055,29,32,9,37
16056,29,32,13,32
16057,32,37,9,45
16058,16,32,11,45
16060,39,42,18,44
16066,31,33,11,33
16067,31,31,12,24
16068,30,32,13,29
16070,36,41,13,37
16080,26,28,10,28
16081,29,32,11,26
16082,28,28,12,26
16085,29,33,11,25
16086,24,27,10,24
16089,25,28,11,25
16091,66,57,31,45
16092,47,44,16,33
16093,48,45,16,34
16095,27,30,11,24
16096,32,31,13,27
16097,34,39,11,31
16098,42,40,12,32
16099,30,30,10,24
16100,37,38,14,45
16101,44,44,16,33
16102,39,42,17,34
16103,41,46,17,30
16104,47,47,19,36
16105,34,36,14,26
16106,27,34,11,35
16107,37,42,16,37
16108,47,48,19,43
16109,35,36,12,34
16110,26,31,13,28
17000,30,31,12,29
17001,35,35,13,31
17002,38,38,13,27
17003,28,33,11,28
17004,32,41,14,25
17005,37,40,12,29
17008,37,43,17,32
17009,30,37,13,31
17013,66,59,34,42
17014,43,42,15,30
17015,36,35,12,27
17028,42,42,15,31
17029,23,31,11,37
17030,36,42,17,37
17031,66,56,31,40
17032,30,29,11,26
17033,35,41,14,35
17034,44,42,16,31
17036,37,40,17,28
17037,22,31,11,23
17040,32,38,14,33
17052,34,41,16,28
17053,28,30,12,20
17054,24,27,10,27
17056,27,30,10,36
17065,30,31,13,32
17074,26,28,10,24
17076,34,37,11,29
17077,25,24,0,37
17078,27,34,13,29
17079,35,40,16,32
17082,32,36,13,44
17084,32,30,11,32
17085,30,30,9,31
17086,29,30,10,23
17087,25,25,8,23
17088,30,33,11,33
17089,39,40,13,29
17807,33,39,14,23
17808,25,28,4,24
17811,30,43,15,31
17814,23,27,6,29
17815,31,35,11,26
17816,36,39,23,0
17821,38,39,15,31
17822,35,43,16,33
17823,25,29,13,27
17825,31,32,12,27
17826,31,39,12,37
17827,30,29,12,26
17831,26,31,10,30
17832,25,27,12,23
17833,28,33,12,33
17834,27,31,10,29
17835,27,33,12,40
17836,32,34,12,37
17837,26,30,8,39
17838,28,31,11,35
17839,34,40,12,30
17840,22,27,9,26
17841,26,26,8,29
17842,22,27,11,23
17843,46,42,17,0
17844,37,33,12,35
18039,25,29,9,30
18040,29,36,12,29
18041,28,32,10,23
18046,29,36,12,28
18054,34,38,15,24
18055,31,34,15,23
18056,28,31,11,26
18057,31,37,13,28
18058,26,31,11,25
18060,28,34,13,36
18061,32,35,13,35
18062,38,45,17,31
18063,38,37,11,26
18064,38,39,17,21
18065,33,34,12,24
18066,27,29,11,27
18067,32,38,15,30
18068,31,38,13,26
18069,30,35,12,27
18070,35,37,13,25
18071,30,35,12,29
18072,33,42,16,26
18073,25,33,8,29
18074,45,56,29,0
18075,28,38,13,24
18077,31,28,11,28
18079,32,38,14,35
18080,34,32,13,29
18081,29,31,10,26
18083,32,34,11,39
18084,31,37,13,31
18085,26,26,12,26
18086,26,29,10,21
18087,67,57,29,44
18089,44,43,16,32
18090,40,40,15,28
18091,35,33,11,25
18092,36,44,16,30
18093,38,45,16,31
18094,27,31,11,28
18095,31,35,12,29
18096,26,28,9,27
18200,32,36,13,28
18201,22,26,9,25
18202,27,28,11,25
18203,31,36,13,28
18204,34,36,14,30
19003,25,29,10,37
19005,22,28,9,34
19010,32,30,8,30
19012,26,30,10,33
19015,26,30,9,30
19017,23,32,12,23
19018,29,34,12,26
19019,34,42,16,26
19020,30,35,12,30
19021,29,32,12,22
19022,27,29,12,29
19024,28,30,15,31
19026,22,26,10,20
19027,27,27,10,25
19028,24,29,12,27
19030,30,35,12,42
19031,24,27,8,30
19036,43,39,13,29
19037,24,26,10,22
19039,64,57,30,45
19040,71,58,32,45
19041,45,43,16,30
19042,38,38,13,30
19043,35,37,13,29
19044,25,24,10,21
19045,34,39,14,39
19046,29,30,10,24
19047,48,45,15,40
19048,35,35,11,29
19049,44,43,15,34
19050,42,44,16,31
19052,29,36,12,26
19060,27,31,11,26
19062,26,29,10,23
19068,27,29,11,36
19074,29,30,11,25
19075,35,33,14,29
19076,38,41,15,29
19078,37,39,12,32
19079,29,39,13,28
19080,37,35,12,32
19081,24,45,10,0
19083,26,31,11,27
19084,29,41,15,32
19085,29,36,12,26
19086,24,30,12,27
19088,29,34,12,30
19089,26,33,12,30
19090,47,47,18,36
19091,31,32,11,25
19092,35,36,15,33
19093,26,31,11,24
19094,30,35,13,24
19095,28,33,12,25
20007,27,31,12,33
20011,35,36,14,35
20012,36,29,12,30
20022,37,31,10,36
20023,48,47,24,43
20024,33,43,16,31
20025,34,38,12,31
20050,30,30,12,31
20052,28,29,11,30
20054,23,26,0,27
20056,27,31,10,30
20057,28,32,12,35
20061,32,35,12,31
20066,24,27,11,24
20071,27,28,10,33
20076,28,32,10,43
20081,22,26,11,30
20086,26,32,11,35
20091,0,31,0,47
20096,30,32,12,34
20098,30,33,12,25
21002,30,32,13,34
21012,24,32,12,22
21023,24,27,10,26
21024,25,26,9,26
21030,29,34,12,27
21031,24,32,11,25
21032,24,29,9,22
21033,27,28,11,31
21041,32,38,13,27
21043,22,23,10,25
21045,27,33,11,30
21046,28,32,12,32
21047,28,32,12,26
21048,25,30,11,24
21049,32,38,13,22
21053,28,31,12,31
21054,25,27,9,22
21071,32,34,10,26
21073,33,31,11,27
21074,26,31,12,23
21075,33,37,14,26
21076,31,35,12,27
21080,33,34,12,27
21081,26,29,10,26
21082,24,27,9,23
21083,30,31,13,30
21087,24,27,9,20
21089,23,27,12,27
21096,30,32,12,26
22004,24,32,11,25
22005,29,35,11,28
22007,25,25,10,25
22008,28,29,11,25
22020,31,33,12,31
22021,28,30,11,31
22023,31,31,13,35
22024,37,43,13,29
22025,31,36,15,22
22026,34,34,13,24
22028,27,28,10,18
22029,33,34,13,24
22030,32,31,13,28
22031,31,34,9,20
22037,30,30,11,27
22042,26,33,12,27
22050,60,55,28,39
22052,30,33,12,24
22055,28,28,10,24
22056,42,41,15,32
22057,42,40,16,31
22058,29,32,12,26
22059,25,30,11,36
22061,25,26,11,20
22063,27,27,15,30
22065,27,29,10,23
22067,30,30,12,26
22069,33,36,13,27
22070,27,29,12,25
22073,34,39,15,27
22074,27,31,11,21
22075,31,37,13,24
22076,31,35,14,23
22077,31,38,13,27
22080,32,37,13,29
22083,25,29,11,21
22084,21,29,14,24
22089,35,40,15,22
22090,25,29,11,25
22091,27,28,10,31
22094,35,34,16,33
22095,28,30,11,35
22097,20,24,12,21
22101,30,39,13,32
22102,25,27,12,24
22103,26,27,13,22
22104,30,30,13,23
22107,26,27,10,25
22108,27,35,12,26
23007,26,27,8,18
23010,21,24,10,21
23012,28,35,13,26
23013,24,28,10,23
23015,22,26,7,23
23016,24,28,10,29
23018,25,23,10,27
23024,26,29,10,25
23025,28,35,12,26
23026,30,29,11,23
23029,23,27,12,20
23046,24,27,8,26
23047,35,35,16,27
23048,30,37,13,27
23052,32,43,15,19
23054,28,30,10,32
23056,34,37,14,22
23058,27,30,11,25
23059,22,22,12,21
23060,26,26,10,21
23061,27,26,9,27
23062,27,33,11,27
23063,27,33,11,30
23065,25,28,11,20
23068,25,27,10,20
23069,25,29,11,27
23070,27,28,10,28
23073,25,28,10,24
23074,32,37,12,27
23075,27,34,13,23
23077,32,33,12,27
23078,24,24,11,18
23081,30,26,9,26
23082,25,26,9,21
24003,38,37,12,31
24011,32,35,14,26
24013,37,38,13,27
24017,25,26,12,23
24033,38,39,15,28
24040,26,30,11,32
24041,31,29,9,0
24046,25,27,9,30
24047,59,55,26,36
24048,44,44,15,28
24052,29,29,11,29
24055,27,37,13,31
24058,39,38,14,27
24060,29,34,13,25
24065,28,29,10,21
24067,40,40,13,27
24068,23,23,10,19
24069,26,32,11,24
24070,27,33,11,26
24083,30,31,10,21
24084,26,28,11,24
24085,29,32,12,33
24086,30,28,9,22
24087,23,24,7,26
24088,21,28,8,28
24089,28,28,9,30
24090,31,30,12,28
24091,26,27,9,26
24092,30,30,12,28
24093,33,39,14,29
24094,27,31,11,22
24095,26,31,11,25
24096,30,35,14,27
24097,37,39,14,33
24109,25,28,11,27
24110,27,28,9,27
24111,40,31,13,38
24112,34,32,13,22
25001,38,47,18,31
25002,36,42,16,26
25003,39,46,18,28
25004,35,42,14,28
25005,33,35,12,26
25010,27,35,12,20
25014,26,30,10,22
25015,34,42,15,35
25016,27,32,11,24
25017,27,35,12,25
25021,35,42,15,26
25024,35,35,13,28
25025,37,42,18,27
25026,36,35,11,27
25027,44,42,16,31
25028,39,45,17,32
25031,30,32,11,25
25033,42,42,12,34
25034,36,42,15,31
25036,49,49,19,34
25037,34,36,10,31
25038,38,36,13,32
25041,29,30,12,32
25042,28,29,11,36
25043,28,32,12,30
25044,31,32,10,28
25046,31,34,17,30
25050,23,27,10,24
25051,26,30,11,30
25052,29,31,10,29
25053,24,28,14,24
25061,28,34,12,29
25063,32,31,11,36
25064,41,44,16,42
25065,23,31,11,35
25066,28,32,12,30
25067,33,38,12,31
25069,30,34,12,28
25070,36,35,13,45
26000,24,26,9,23
26005,23,26,11,25
26007,26,27,11,26
26008,25,27,8,23
26009,25,29,8,30
26010,27,25,8,31
26025,25,27,9,28
26029,27,27,13,29
26032,23,24,12,27
26038,25,27,11,25
26040,24,29,10,27
26045,28,29,9,22
26047,25,28,10,25
26050,27,26,15,34
26052,24,25,9,21
26054,21,26,17,30
26055,0,33,0,42
26059,29,27,12,25
26060,33,29,10,29
26063,26,27,9,19
26066,37,37,22,19
26070,24,41,22,20
26071,26,25,11,24
26073,37,46,16,27
26080,30,26,0,33
26082,21,25,6,27
26083,28,28,8,28
26084,29,30,11,31
26092,27,28,9,28
26093,26,27,10,29
26094,26,29,10,21
26095,22,28,11,20
26096,22,24,12,23
26097,26,23,14,27
26099,25,30,10,25
26300,24,27,11,23
26301,25,30,10,25
26302,26,27,10,23
26303,23,27,10,34
26305,30,26,0,28
27001,29,34,12,24
27003,26,30,11,21
27004,30,34,12,27
27005,30,34,12,27
27009,31,33,11,29
27020,33,33,11,31
27021,23,27,10,23
27022,28,28,12,27
27023,23,26,9,24
27027,21,30,11,29
27028,22,24,10,23
27037,23,28,11,22
27040,28,27,11,32
27043,22,22,10,23
27050,28,30,11,23
27051,25,25,10,20
27052,30,31,12,26
27063,28,31,11,26
27070,60,53,26,44
27080,32,31,11,25
29001,34,39,14,34
29004,28,33,11,29
29005,25,34,12,22
29010,23,24,11,26
29015,34,34,16,26
29018,27,37,12,19
29019,33,37,13,30
29020,33,42,15,29
29021,31,37,13,28
29026,28,36,13,24
29027,39,44,17,30
29028,29,35,13,25
29029,32,38,13,25
29030,29,31,11,25
29032,28,31,10,24
29037,30,35,14,25
29045,23,30,11,24
29049,27,34,11,27
29051,30,32,12,24
29052,42,41,12,25
29054,31,31,11,22
29055,26,28,10,24
29057,38,43,18,31
29059,31,38,13,29
29061,47,47,17,33
29063,31,38,14,31
29064,29,30,11,29
29065,62,57,27,41
29066,26,29,11,29
29067,34,34,13,36
29068,40,38,14,27
29069,27,27,12,21
29071,26,30,12,26
29072,26,28,10,30
29073,30,30,11,27
29076,28,31,11,31
29077,28,27,10,27
29078,28,31,9,40
29080,24,27,10,24
29082,26,30,11,26
29086,31,40,15,32
30000,27,35,10,28
30007,29,36,13,23
30012,33,40,14,25
30013,39,46,18,31
30020,45,45,15,29
30021,30,29,10,25
30022,32,32,11,29
30023,38,39,14,29
30024,57,52,21,41
30026,68,59,34,44
30029,33,35,13,26
30032,49,47,15,31
30033,44,44,16,30
30035,44,44,15,31
30037,35,35,11,29
30038,44,42,17,25
30039,30,34,12,40
30044,25,29,10,28
30047,25,27,10,24
30050,24,27,10,27
30055,27,29,11,37
30056,30,31,13,27
30058,30,42,16,27
30060,36,36,15,31
30064,42,41,17,37
30065,30,30,14,32
30066,25,28,12,28
30068,41,42,14,27
30069,35,33,12,25
30070,33,34,11,26
30073,46,44,14,35
30074,37,43,16,31
30076,40,45,19,31
30077,36,43,15,33
30078,40,50,23,34
30079,32,35,12,26
30085,33,42,15,34
30086,37,43,15,32
30090,35,37,12,26
30091,28,35,12,38
30092,21,28,11,32
30094,40,49,20,27
30095,41,47,20,35
30096,35,40,15,25
32001,27,31,11,26
32002,26,28,9,21
32003,29,35,13,26
32005,26,26,10,22
32006,30,36,13,23
32007,28,32,13,25
32011,27,33,12,27
32012,29,32,12,26
32014,19,28,0,39
32016,28,33,13,26
32018,30,34,11,22
32023,26,29,13,26
32025,30,29,14,15
32026,29,30,11,27
32027,29,30,11,23
32028,29,31,11,26
32029,25,27,11,24
32034,25,28,5,38
32037,35,41,15,34
32039,23,27,11,23
32042,25,29,10,29
32043,30,28,0,33
32045,24,26,10,23
32048,23,26,9,25
32051,22,25,9,22
32055,27,32,11,26
32059,25,27,8,26
32061,25,28,9,29
32120,24,27,10,19
32130,24,25,10,21
32131,29,30,10,24
32132,34,32,12,27
32133,24,27,0,20
32135,24,26,6,23
32136,30,30,12,23
32145,22,27,15,30
32146,26,29,10,30
32150,29,32,13,28
32160,29,32,11,37
32161,32,31,7,32
32162,30,31,10,31
32163,24,27,11,27
32164,26,28,10,30
32165,24,27,10,28
33005,37,43,16,33
33009,27,33,13,30
33023,30,31,12,25
33024,23,24,11,20
33025,31,29,14,35
33027,22,30,9,24
33030,28,33,9,29
33031,37,46,24,41
33032,25,24,11,23
33033,25,37,13,31
33035,23,26,9,23
33036,29,28,10,28
33053,57,54,24,42
33060,35,35,14,27
33061,29,36,12,24
33066,26,32,9,25
33070,28,33,12,25
33072,26,28,10,23
33078,34,35,15,36
33079,25,28,13,24
33080,26,26,9,24
33081,29,28,0,28
33082,20,26,7,31
33083,31,26,6,27
33412,21,24,0,22
34003,32,35,14,28
34006,35,43,16,28
34007,35,41,15,28
34011,27,37,12,26
34018,31,39,14,32
34019,30,35,12,26
34020,61,56,29,42
34021,41,42,14,31
34022,41,43,13,30
34023,50,49,19,32
34024,32,37,13,28
34025,29,29,12,23
34026,39,39,13,25
34027,32,34,12,24
34028,23,25,8,20
34029,28,26,12,26
34030,32,35,13,27
34037,29,36,13,25
34038,35,41,15,28
34039,35,40,16,25
34041,36,40,12,36
34042,0,20,0,37
34048,29,29,13,27
34049,32,40,15,41
34051,31,38,14,43
34052,30,37,14,45
34055,32,38,12,30
34060,33,40,12,33
34062,32,37,12,30
34068,31,38,13,25
34069,0,18,0,35
34078,33,40,15,26
34079,34,38,14,26
34084,29,40,15,23
34085,30,30,10,20
34086,41,40,14,31
34087,34,32,2,31
34088,26,32,11,38
34101,30,33,11,28
35001,33,36,13,24
35002,38,38,13,26
35004,32,37,11,34
35005,62,57,30,41
35006,30,32,11,24
35007,28,30,10,25
35011,26,30,11,25
35013,28,25,0,28
35016,33,34,9,25
35017,29,40,13,23
35018,31,32,12,29
35019,28,32,11,31
35020,27,28,9,23
35023,30,29,11,30
35029,27,32,11,23
35033,38,36,13,25
35040,34,42,16,27
35041,27,35,11,24
35052,28,29,10,27
35055,27,29,13,30
35056,25,33,10,27
35057,37,44,16,27
35058,34,41,15,25
35059,28,33,11,28
35060,26,31,7,23
35061,26,31,9,26
35062,30,33,12,38
35064,26,29,8,30
35065,33,36,13,23
35066,25,28,10,28
35068,39,38,13,29
35069,39,47,17,33
35071,44,44,15,32
35072,34,37,13,28
35073,26,29,9,23
35074,27,32,9,24
35075,29,36,12,30
35076,24,27,8,21
35077,23,28,9,23
35078,36,37,13,28
35079,39,40,14,29
35080,27,29,11,27
35081,34,34,13,29
35082,48,47,17,34
35083,25,29,9,24
35084,30,33,12,24
35085,34,45,17,26
35086,22,24,10,22
35087,32,32,12,34
35088,26,30,9,38
35089,25,32,11,28
35090,34,35,11,27
35091,23,27,9,24
36001,32,34,12,40
36002,33,33,12,31
36009,25,26,11,22
36010,27,29,12,27
36011,28,29,11,31
36012,27,33,11,26
36016,26,31,11,24
36020,63,58,30,42
36021,33,35,12,30
36029,28,33,12,23
36030,32,40,14,28
36031,32,39,14,26
36050,24,27,11,25
36051,28,30,10,22
36052,27,29,12,28
36053,28,28,13,29
36055,21,30,11,30
36056,25,27,11,25
36057,30,29,10,24
36058,29,30,9,24
36061,22,23,9,32
36063,32,35,12,26
36064,33,35,12,25
36065,32,42,14,27
36066,26,30,11,23
36067,29,35,13,24
36077,31,32,12,33
36078,38,39,14,28
36079,26,31,12,29
36080,34,36,11,34
37001,26,31,13,38
37004,24,25,9,24
37005,26,29,11,32
37011,32,31,10,26
37013,26,28,10,22
37014,25,27,10,25
37018,32,37,13,27
37019,30,35,11,25
37020,28,32,11,25
37022,26,28,9,23
37023,23,24,9,21
37026,26,28,10,28
37027,26,28,13,26
37029,31,35,12,28
37035,26,29,11,31
37040,28,32,11,36
37041,27,33,12,43
37042,25,29,7,31
37046,23,26,9,28
37047,24,28,8,34
37048,24,25,10,20
37050,26,29,10,27
37054,27,33,11,24
37055,26,32,11,25
37056,27,34,12,24
37058,27,31,11,24
37061,30,31,11,30
37062,27,30,11,31
37064,26,27,10,22
37065,25,25,9,21
37066,25,26,10,24
37067,27,27,10,21
37068,35,34,11,29
37069,30,33,12,26
37090,25,27,10,23
37091,28,30,13,31
37092,31,37,12,31
37095,32,32,11,29
37096,26,22,13,22
37097,23,29,11,23
37098,27,31,11,23
37099,40,39,14,32
37100,24,28,10,29
37101,30,27,13,26
37102,66,57,28,43
38003,31,39,14,32
38004,41,44,17,49
38005,48,47,19,47
38006,29,36,13,29
38009,29,33,14,38
38013,30,34,13,35
38015,35,36,15,35
38032,30,34,13,40
38080,34,40,14,29
38083,34,41,14,36
38162,30,31,7,36
38163,37,31,9,39
38164,26,26,6,42
38166,33,32,15,36
38167,25,31,13,26
38168,23,27,9,24
38170,67,58,35,39
38171,46,45,15,31
38172,45,44,14,34
38173,44,43,15,36
38174,36,44,16,31
38175,40,47,18,31
38176,32,38,14,25
38285,30,32,12,31
38292,29,37,13,30
38323,48,48,16,32
38325,36,39,14,27
38326,28,28,11,28
38327,31,33,12,32
38336,29,33,12,36
38337,30,29,10,36
38338,27,32,11,27
38339,31,33,13,34
39101,28,32,12,25
39102,43,40,14,37
39103,29,33,12,28
39104,39,38,13,29
39105,32,32,11,34
39106,25,29,11,22
39107,30,32,11,39
39108,29,30,11,26
39109,42,42,14,32
39110,26,27,9,23
39111,34,39,14,30
39112,36,43,15,31
39113,30,35,12,27
39114,29,34,11,28
39115,27,28,11,25
39116,26,31,10,36
39117,34,37,12,31
39118,70,58,34,51
39119,37,37,12,29
39120,30,31,10,26
39121,45,44,15,41
39122,45,45,16,32
39124,27,29,8,28
39125,33,35,12,30
39126,27,30,10,26
39129,37,37,15,39
39131,33,28,14,32
39132,42,39,14,31
39133,29,29,11,28
39134,40,41,15,34
39135,53,49,21,36
39140,25,26,10,24
39142,23,28,11,32
39398,51,37,0,33
39401,33,37,13,32
39402,25,28,10,24
39403,29,29,9,35
39405,37,37,12,27
39406,26,26,11,23
39408,31,40,13,25
39409,26,35,12,30
39410,32,34,12,24
39411,68,58,30,47
39412,35,36,15,33
39413,29,28,12,22
39414,40,41,15,35
39415,36,37,13,32
39419,32,33,11,33
39420,40,40,16,31
39421,27,26,7,24
39422,51,48,20,36
39423,30,36,12,37
39424,26,27,12,24
39425,29,30,12,26
40001,31,34,12,28
40002,26,29,10,28
40010,28,29,14,29
40020,23,28,10,34
40021,28,30,10,32
40022,23,25,10,26
40023,26,27,11,25
40030,27,29,11,36
40040,28,32,11,26
40041,28,30,9,26
40042,26,33,13,30
40043,37,41,15,36
40050,25,27,10,23
40051,22,27,7,23
40053,22,27,12,25
40061,31,36,13,25
40062,29,34,11,25
40063,32,34,13,27
40070,70,59,33,41
40071,37,39,13,28
40072,30,31,11,27
40073,37,38,13,29
40074,32,34,11,36
40080,43,44,16,33
40090,23,32,0,33
41000,29,34,12,27
41002,30,31,12,29
41003,25,28,7,28
41005,43,39,15,30
41006,41,39,15,26
41007,38,34,11,35
41008,28,27,11,23
41009,33,35,13,26
41010,28,27,11,27
41011,43,44,19,37
41012,39,41,16,26
41013,43,42,15,34
41015,32,34,13,36
41016,27,33,10,32
41017,23,28,11,27
41019,28,27,9,30
41020,26,29,10,28
41021,28,30,12,35
41022,36,35,13,29
41023,41,34,17,30
41024,37,40,13,41
41026,33,33,12,27
41027,28,35,12,29
41028,30,33,12,28
41029,28,34,11,28
41030,30,35,12,31
41031,30,34,13,28
41032,35,34,12,27
41034,27,32,11,26
41037,23,27,9,21
41039,0,28,0,37
41040,27,32,0,38
41041,25,29,7,29
41042,23,31,13,31
41043,36,37,15,33
41044,34,40,14,27
41045,35,41,15,30
41046,34,40,14,28
41047,37,40,15,26
41048,31,36,13,27
41049,28,36,12,25
41055,31,37,14,26
41056,68,58,33,40
41057,27,29,11,24
41058,42,40,15,32
41059,34,33,13,26
41060,36,35,12,25
41061,28,32,11,27
41064,46,43,15,47
41066,31,34,12,23
41067,27,28,13,24
41068,30,30,12,32
41070,23,23,8,25
41071,25,28,13,32
41072,41,39,36,31
41075,25,37,11,26
41076,25,33,11,27
41077,26,30,11,24
41078,34,33,11,24
41080,24,29,13,26
41081,22,30,0,22
41082,29,29,10,26
41086,28,27,6,28
41087,24,23,0,22
41088,37,40,15,31
41089,31,38,13,27
41090,32,35,12,30
41091,33,37,13,30
41095,66,57,31,37
41096,28,31,12,23
41097,38,38,13,26
41098,31,32,11,26
41099,37,37,13,30
41102,29,31,11,25
41103,23,24,10,21
41104,28,29,11,29
41106,24,29,10,32
41107,26,29,12,28
41109,29,31,12,29
41111,29,31,11,22
41116,26,28,10,25
41118,37,37,14,30
41121,32,37,13,30
41123,28,34,12,25
41125,25,27,10,23
41126,33,34,12,23
41127,35,35,13,26
41129,27,33,12,28
41130,30,35,12,25
41134,26,31,12,21
41136,30,29,11,23
41138,31,33,13,35
41139,36,37,15,32
41156,25,26,6,20
41159,37,38,12,26
41162,35,38,13,30
41163,28,28,10,19
41164,66,58,30,42
41165,33,34,11,28
41167,39,38,15,29
41168,40,40,12,26
41169,41,40,14,21
41197,31,31,13,27
41199,28,30,12,24
41200,26,30,11,26
41201,30,30,11,21
41203,29,30,12,33
41204,33,41,14,25
41206,35,40,14,29
41207,32,41,15,29
41208,29,35,14,21
41209,26,30,11,26
41210,27,30,12,29
41211,26,35,13,28
41212,38,37,15,28
41213,39,39,14,28
41214,40,38,16,28
41215,36,34,13,32
42001,44,52,23,43
42002,49,54,26,39
42003,33,40,15,46
42004,45,44,18,44
42005,36,35,12,38
42011,32,45,16,35
42012,37,46,18,32
42021,39,46,18,39
42022,46,51,23,37
42023,31,36,12,41
42024,40,41,16,41
42025,36,36,13,38
42101,47,51,21,40
42103,49,55,28,49
42121,38,44,16,33
42122,43,51,24,39
42202,51,52,26,40
43001,67,59,34,43
43002,42,43,16,30
43003,36,45,17,29
43004,31,34,9,0
43005,37,50,19,36
43006,31,35,16,38
43007,39,40,18,45
43010,43,54,26,42
43012,42,49,20,51
43013,53,56,29,38
43014,70,60,38,48
43015,43,47,18,35
43016,39,42,18,27
43017,38,41,15,26
43018,59,55,24,41
43019,37,45,17,33
43020,29,34,13,32
43023,31,32,13,29
43024,49,50,20,38
43025,56,54,27,46
43026,29,47,30,50
43027,41,42,17,46
43028,34,36,0,43
43030,38,38,14,35
43032,50,51,24,33
43034,42,47,18,44
43035,35,35,12,21
43036,39,41,16,39
43037,30,38,16,39
43038,36,43,14,40
43039,37,44,21,39
43040,53,56,29,48
43041,0,50,0,53
44001,41,44,17,36
44003,43,37,20,38
44004,26,35,14,35
44005,27,35,14,33
44006,31,36,14,44
44007,38,44,19,38
44008,39,46,18,36
44009,27,36,13,29
44010,34,36,15,36
44011,32,33,17,32
44012,28,30,11,27
44013,29,35,14,45
44014,39,44,17,31
44015,44,51,22,35
44016,41,40,15,32
44017,26,30,13,21
44018,36,39,16,32
44019,68,59,36,48
44020,33,36,13,26
44021,49,48,18,34
44022,40,41,17,30
44023,46,46,20,44
44024,34,41,16,33
44025,26,38,11,37
44026,35,34,12,38
44027,33,39,21,33
44028,33,41,16,34
44031,39,47,19,32
44032,30,30,10,27
44034,32,35,13,25
44035,35,35,10,17
44036,37,38,15,29
44037,38,38,16,36
44039,38,45,17,29
44041,46,48,21,38
44042,19,28,12,31
44043,38,43,17,28
44044,37,37,14,30
44045,38,40,13,28
44046,47,52,23,31
44047,38,47,16,34
44048,42,53,22,43
44049,49,52,23,38
44050,24,30,10,27
45001,27,30,11,25
45002,26,27,7,32
45004,24,28,9,31
45005,38,41,16,40
45006,23,25,9,31
45008,27,29,12,24
45009,28,32,11,40
45010,23,24,13,30
45011,25,25,11,34
45014,23,27,11,32
45016,23,23,10,21
45017,28,32,14,41
45018,25,33,7,33
45019,25,29,9,31
45020,27,27,10,37
45021,26,28,13,30
45024,30,32,9,38
45025,28,31,11,29
45028,43,31,10,36
45029,35,45,16,29
45031,28,29,9,37
45033,26,30,8,37
45034,21,26,8,34
45035,26,29,10,29
45036,31,33,11,41
45037,24,29,12,31
45038,26,28,11,25
45039,33,22,8,22
45041,25,29,10,24
45046,29,32,12,27
46101,26,27,11,26
46103,23,23,10,19
46104,25,27,11,24
46105,26,27,13,29
46106,24,27,8,37
46107,25,29,11,26
46108,24,29,12,29
46109,23,38,12,29
46110,25,28,9,26
46201,31,26,0,22
46301,24,24,9,23
46302,23,27,12,30
46303,25,32,11,24
46304,23,29,10,24
46305,26,29,11,31
46306,24,27,10,29
46401,27,28,10,21
46402,24,25,9,21
46403,27,28,11,22
46500,34,29,11,27
46501,28,33,11,23
46502,27,34,11,24
46504,25,36,14,27
47001,24,26,10,23
47002,26,30,11,28
47003,28,30,9,30
47004,26,27,11,29
47005,31,39,14,27
47006,25,27,11,23
47007,30,31,10,22
47101,25,29,10,22
47131,29,29,10,26
47151,32,33,11,26
47201,34,40,15,27
47301,36,35,12,25
47302,65,57,30,47
47303,31,31,11,24
47304,32,32,10,24
47305,36,36,13,27
47306,43,42,15,29
47401,27,29,11,29
47431,30,33,12,39
47461,31,35,12,30
47462,27,32,11,26
47491,37,38,14,38
48001,28,27,11,24
48002,26,29,10,24
48004,32,32,13,27
48005,21,22,12,16
48006,30,30,11,0
48008,24,23,13,27
48009,26,26,11,28
48010,28,32,13,11
49001,39,38,13,33
49002,29,28,10,22
49003,34,35,11,30
49004,65,57,28,48
49005,32,33,11,26
49006,45,43,14,34
49007,44,42,14,35
49008,46,45,16,37
49009,29,29,10,26
49010,30,33,12,26
49011,26,31,11,25
49012,30,32,11,35
49013,25,28,12,30
49014,37,35,13,38
49015,28,30,10,29
49016,32,36,12,27
49017,32,38,13,29
49022,32,33,12,25
49023,25,27,12,28
49101,36,34,11,32
49102,24,26,9,23
49103,31,34,11,27
49104,28,29,10,23
49105,27,28,10,25
49106,26,30,12,23
49107,29,34,12,26
49108,26,27,11,31
49109,32,32,12,35
49110,24,25,11,25
49111,23,29,9,25
49112,26,31,11,23
49113,22,25,10,20
49114,25,27,8,27
49119,25,29,10,27
49201,37,36,12,30
49202,26,28,13,22
49203,33,35,12,26
49204,64,56,26,49
49205,38,39,12,30
49206,40,40,13,29
49207,31,29,10,27
49208,25,30,11,22
49209,24,30,12,25
49210,25,30,11,23
49211,28,31,11,34
49212,31,32,10,32
49213,24,27,9,24
49214,26,30,10,24
49215,27,30,11,23
49216,24,25,10,23
49217,27,28,10,35
49218,27,29,12,29
49219,25,25,10,26
49220,27,35,11,24
49222,31,34,12,25
49223,28,29,11,30
49224,25,27,10,25
49225,23,27,11,27
49229,27,26,11,30
49231,28,35,13,28
49301,33,35,11,28
49302,26,25,9,26
49303,33,33,12,29
49304,28,30,11,25
49305,39,39,13,24
49306,42,41,13,33
49307,28,28,10,25
49308,32,38,12,33
49309,26,31,11,23
49310,29,36,13,28
49311,27,30,11,27
49313,28,31,11,35
49314,32,31,10,32
49316,26,26,11,27
49317,25,25,12,26
49318,25,29,6,26
49319,28,28,10,25
49320,28,28,8,30
49321,31,35,14,27
49327,24,26,12,23
49328,24,29,10,28
49330,32,34,11,28
49332,26,25,12,26
50101,29,34,12,27
50102,27,28,11,31
50104,35,40,13,25
50105,27,32,12,23
50106,28,36,13,25
50107,31,36,13,23
50108,26,32,11,26
50110,35,38,15,27
50112,25,27,7,25
50115,27,27,13,27
50116,27,23,0,25
50118,22,27,13,24
50119,46,43,18,27
50121,31,32,11,24
50122,27,25,10,24
50124,29,31,12,25
50125,63,57,29,40
50126,26,27,9,20
50127,38,38,14,26
50128,31,31,14,33
50129,40,40,15,33
50130,33,34,12,24
50131,26,28,12,22
50132,29,30,11,33
50133,33,33,11,27
50135,33,34,13,29
50137,23,28,13,26
50138,49,39,16,37
50140,29,29,8,30
50201,29,35,11,26
50202,27,30,10,33
50206,33,41,15,28
50207,37,42,16,28
50208,27,35,13,27
50210,32,34,12,26
50212,24,27,9,24
50215,26,29,7,29
50219,43,42,17,29
50221,29,30,11,26
50222,24,27,11,20
50223,30,29,12,27
50224,31,32,9,27
50225,60,55,24,43
50226,28,28,11,22
50227,32,33,12,25
50228,28,29,11,31
50229,39,39,13,29
50230,30,32,11,27
50231,27,28,14,24
50232,26,32,9,32
50233,30,31,12,26
50502,24,28,10,31
50508,30,33,12,26
50510,29,31,12,23
50519,39,38,20,28
50521,28,28,10,24
50522,22,22,5,22
50524,28,30,10,25
50525,62,56,25,38
50526,27,28,10,29
50527,30,33,11,24
50528,28,28,11,30
50529,33,33,13,29
50530,32,31,12,25
50531,24,26,11,24
50801,29,32,11,28
50802,26,28,10,32
50803,23,30,9,20
50804,34,39,14,27
50805,28,34,12,24
50806,32,39,14,28
50807,30,37,13,26
50808,29,34,12,26
50810,32,33,12,27
50811,28,31,11,27
50812,25,24,10,23
50813,28,31,12,24
50815,26,30,11,30
50816,0,27,10,43
50832,27,27,12,32
50833,32,32,12,27
50835,29,31,10,31
50919,45,41,17,34
50920,38,37,13,27
50921,35,35,12,31
50922,26,27,10,24
50923,34,33,15,31
50924,28,29,11,24
50925,68,59,34,41
50926,27,28,11,25
50927,38,38,13,29
50928,32,34,12,33
50929,46,44,16,33
50930,34,34,13,27
50931,26,26,10,25
50937,24,27,13,28
50938,30,25,8,41
50939,30,31,12,35
50940,23,29,11,33
51100,25,28,9,32
51101,30,29,11,34
51110,28,31,11,28
51111,25,27,11,20
51120,24,26,10,27
51121,24,27,8,25
51130,26,29,11,33
51140,29,29,11,31
51141,28,25,11,31
51142,22,24,11,23
51150,31,32,11,26
51151,33,32,12,27
51152,24,25,10,23
51153,27,26,10,23
51154,27,29,10,25
51156,67,56,29,43
51160,24,29,11,24
51161,24,33,12,25
51163,27,28,11,22
51165,30,30,11,26
51170,30,31,10,27
51171,27,33,11,20
51172,25,28,10,16
51173,29,34,12,25
51174,26,32,11,24
51175,28,31,11,27
51180,23,26,9,21
51181,27,28,10,26
51182,24,26,8,22
51184,25,28,9,27
51185,30,43,17,31
51186,26,25,11,24
51200,25,29,12,30
51210,29,33,11,27
51230,26,28,9,31
51240,31,32,10,32
51241,24,26,11,31
51242,23,24,9,24
51250,32,34,12,27
51252,30,30,11,29
51253,30,31,11,29
51254,28,31,10,25
51255,36,38,12,28
51260,25,31,12,24
51273,32,39,14,30
51274,29,34,11,22
51275,27,32,11,23
51276,34,34,12,27
51282,25,27,9,23
51284,25,31,11,24
52010,28,27,12,35
52020,31,32,15,31
52070,27,27,12,31
52090,24,27,10,30
52100,25,25,11,31
52115,23,22,8,22
52140,31,29,0,36
52150,25,23,8,31
52175,29,28,11,29
52176,32,32,0,32
52258,30,29,10,32
52443,30,30,10,29
52445,27,29,7,29
52495,26,24,10,25
52497,23,27,4,28
52498,24,28,10,22
52504,28,29,11,26
52505,24,27,10,23
52506,23,23,9,20
52588,28,28,10,22
53101,26,29,11,24
53102,25,34,11,26
53103,28,30,10,26
53106,30,37,13,26
53107,39,36,12,28
53109,24,31,13,25
53110,27,32,11,26
53201,23,25,7,22
53202,24,28,12,23
53203,22,28,11,22
53204,21,26,9,23
53206,22,26,7,20
53207,24,26,10,22
53301,32,32,12,28
53302,23,23,10,17
53303,27,28,9,25
53304,26,27,9,22
53305,35,35,12,29
53306,34,34,12,30
53307,24,26,10,23
53309,30,30,11,22
53310,68,57,27,31
53401,28,28,10,31
53402,24,26,7,27
53403,30,31,12,30
53406,22,23,11,24
54101,26,34,12,31
54120,27,37,13,28
54121,31,38,13,28
54201,21,24,9,22
54202,25,29,12,26
54203,35,25,10,32
54204,33,30,15,26
54206,27,29,8,22
54301,27,27,10,26
54303,33,34,12,34
54304,0,23,0,41
54305,17,29,0,49
54309,22,26,0,28
54401,0,27,0,31
54404,0,26,10,22
55001,27,29,11,24
55004,32,35,13,30
55005,30,27,11,28
55006,24,27,11,32
55007,27,29,10,29
55008,30,32,11,35
55009,23,26,10,27
55010,26,27,10,28
55011,29,29,13,34
55012,34,36,13,34
55013,29,30,12,25
55014,36,38,11,28
55015,31,33,11,28
55016,36,37,12,27
55017,33,36,11,28
55019,28,29,10,25
55020,37,36,12,31
55021,34,35,12,27
55022,38,37,11,31
55023,31,31,10,24
55024,32,33,11,26
55026,26,27,8,23
55027,28,28,12,24
55028,23,29,11,24
55029,28,29,11,24
55030,34,34,11,29
55031,25,27,6,23
55032,30,34,12,27
55033,26,31,9,24
55034,32,34,12,28
55035,32,36,11,26
55036,32,33,11,27
55037,30,33,10,23
55038,29,32,11,25
55039,31,36,14,26
55040,34,36,10,26
55041,36,37,11,30
55042,36,37,14,33
55043,36,38,12,28
55044,34,35,12,31
55045,28,28,10,23
55046,28,32,11,26
55047,26,30,10,25
55048,29,29,10,30
55049,29,31,12,21
55050,26,27,9,25
55051,24,28,10,23
55052,26,28,13,21
55054,30,31,12,31
55055,30,29,11,31
55056,33,35,12,35
55057,29,32,10,29
55058,35,37,13,36
55059,34,34,14,33
55061,30,32,14,33
55062,34,34,11,35
55063,31,34,12,33
55064,31,33,11,32
55065,32,35,13,33
55066,32,34,12,24
55067,44,45,14,36
55069,33,33,11,28
55070,33,36,12,30
55071,37,35,12,36
55072,34,34,12,30
55074,29,29,12,25
55075,24,27,9,21
55076,30,31,12,31
55077,29,30,9,24
55079,24,26,0,22
55080,28,31,10,28
55081,25,27,8,25
55082,24,27,12,25
55083,30,30,11,23
55084,27,27,11,25
55085,27,27,9,25
55086,23,26,9,29
55088,27,33,12,24
55089,30,32,11,26
55090,32,32,11,27
55091,27,32,11,25
55092,28,30,11,34
55093,24,26,8,23
55094,22,24,11,20
55095,26,26,8,20
55097,24,25,11,22
55099,30,35,11,24
55100,25,33,11,24
55101,25,31,10,27
55102,25,31,11,23
55103,30,32,11,26
55104,28,29,12,25
55105,27,31,9,24
55106,26,28,12,26
55107,26,27,9,19
55108,26,25,11,22
55109,26,27,14,24
55110,33,32,12,24
55111,23,24,10,25
55112,24,24,8,27
55113,24,28,10,23
55114,26,27,9,28
55115,23,26,10,26
55116,25,28,12,21
55117,30,31,8,34
55118,25,24,10,20
55119,24,27,13,20
55120,33,39,13,32
55121,21,23,12,22
55122,24,27,12,30
56102,27,25,10,22
56103,30,32,14,31
56104,25,28,10,21
56106,24,27,9,21
56108,24,26,10,29
56110,28,28,11,22
56112,27,30,10,25
56114,23,30,10,22
56116,25,25,10,21
56117,23,26,8,21
56118,28,29,9,26
56119,24,26,10,20
56124,27,27,11,27
56125,24,28,10,24
56127,26,29,11,29
56128,30,29,11,24
56201,26,26,10,25
56205,26,28,10,28
56207,24,28,11,24
56208,22,25,10,25
56209,23,24,10,20
56210,26,26,9,22
56211,23,23,10,21
56213,27,31,10,23
56215,29,32,10,26
56216,24,26,10,21
56218,27,27,10,21
56219,25,24,9,23
56220,26,26,9,27
56221,23,27,9,20
56222,23,27,9,23
56223,24,25,8,26
56224,25,27,11,26
56226,25,24,10,23
56310,27,27,10,23
56314,23,29,10,22
56316,26,26,11,22
56318,27,28,10,22
56324,26,27,9,28
56410,26,26,11,20
56416,25,26,11,20
56418,26,26,10,23
56424,26,26,11,27
56508,25,26,9,29
56510,26,26,9,22
56511,22,24,10,19
56514,23,28,10,23
56516,24,27,10,25
56518,27,27,11,23
56519,24,25,10,20
56521,22,26,9,23
56524,26,29,9,30
56525,23,24,10,23
56527,24,24,12,26
56528,29,29,10,24
56608,24,26,9,24
56609,23,27,0,21
56610,28,28,10,23
56611,24,23,12,21
56614,28,31,10,23
56616,26,26,10,20
56618,28,26,10,25
56619,24,24,10,18
56621,23,25,9,23
56624,27,27,11,27
56625,21,24,11,19
56627,28,28,12,29
56702,23,27,8,22
56718,25,27,11,22
58001,25,29,11,22
58004,26,31,11,25
58013,28,30,11,30
58017,26,31,8,25
58019,27,31,12,27
58020,24,26,0,21
58023,21,24,0,26
58029,31,37,12,33
58036,27,29,9,23
58041,26,28,11,28
58113,28,29,12,28
58138,26,29,19,29
58148,34,34,12,26
58149,30,31,11,22
58150,27,26,11,22
58166,26,29,11,22
58182,28,30,9,34
58202,36,35,11,23
